"","countryIsoCode","users"
"1","AD",2333
"2","AE",248930
"3","AF",1213
"4","AG",746
"5","AI",187
"6","AL",4945
"7","AM",5691
"8","AO",9610
"9","AR",28924
"10","AT",247063
"11","AU",647982
"12","AW",653
"13","AZ",6624
"14","BA",3266
"15","BB",2239
"16","BD",8864
"17","BE",657965
"18","BF",280
"19","BG",19873
"20","BH",20900
"21","BI",187
"22","BJ",1026
"23","BM",653
"24","BN",5038
"25","BO",2706
"26","BQ",93
"27","BR",840090
"28","BS",1866
"29","BT",93
"30","BW",2146
"31","BY",20713
"32","BZ",467
"33","CA",1631477
"34","CD",1213
"35","CG",840
"36","CH",332341
"37","CI",2146
"38","CL",16421
"39","CM",1493
"40","CN",26427489
"41","CO",38814
"42","CR",13809
"43","CV",560
"44","CW",1306
"45","CY",18101
"46","CZ",154508
"47","DE",2911393
"48","DJ",280
"49","DK",42546
"50","DM",280
"51","DO",7278
"52","DZ",19500
"53","EC",5598
"54","EE",7651
"55","EG",31536
"56","ES",1485740
"57","ET",560
"58","FI",42919
"59","FJ",840
"60","FO",187
"61","FR",1284581
"62","GA",467
"63","GB",4589242
"64","GD",187
"65","GE",7651
"66","GF",933
"67","GG",2519
"68","GH",13342
"69","GI",3172
"70","GM",187
"71","GN",467
"72","GP",2892
"73","GR",41706
"74","GT",4572
"75","GU",1120
"76","GY",653
"77","HK",80520
"78","HN",1026
"79","HR",18847
"80","HT",373
"81","HU",28924
"82","ID",48424
"83","IE",127824
"84","IL",30883
"85","IM",187
"86","IN",1371538
"87","IQ",14368
"88","IR",17821
"89","IS",1679
"90","IT",1701827
"91","JE",4105
"92","JM",6531
"93","JO",25658
"94","JP",2430235
"95","KE",74642
"96","KG",1959
"97","KH",18194
"98","KI",93
"99","KN",373
"100","KR",4066191
"101","KW",179233
"102","KY",746
"103","KZ",18474
"104","LA",2612
"105","LB",44318
"106","LC",373
"107","LI",2519
"108","LK",12316
"109","LR",187
"110","LS",467
"111","LT",13529
"112","LU",41053
"113","LV",8677
"114","LY",280
"115","MA",121946
"116","MC",3825
"117","MD",8490
"118","ME",3079
"119","MF",280
"120","MG",653
"121","MK",6624
"122","ML",653
"123","MM",2892
"124","MN",1493
"125","MO",5785
"126","MP",187
"127","MQ",2706
"128","MR",467
"129","MS",93
"130","MT",8957
"131","MU",10636
"132","MV",653
"133","MW",746
"134","MX",91996
"135","MY",48424
"136","MZ",2612
"137","NA",2239
"138","NC",1026
"139","NE",93
"140","NG",17447
"141","NI",373
"142","NL",615513
"143","NO",48050
"144","NP",2986
"145","NZ",33402
"146","OM",28084
"147","PA",6718
"148","PE",18474
"149","PF",653
"150","PG",187
"151","PH",34708
"152","PK",26125
"153","PL",132489
"154","PR",11103
"155","PS",3825
"156","PT",353987
"157","PY",2612
"158","QA",40493
"159","RE",7371
"160","RO",45811
"161","RS",16608
"162","RU",2306890
"163","RW",280
"164","SA",240719
"165","SC",373
"166","SD",7464
"167","SE",72589
"168","SG",65405
"169","SI",14089
"170","SK",44132
"171","SL",93
"172","SM",1026
"173","SN",2706
"174","SO",653
"175","SR",1026
"176","SS",280
"177","ST",93
"178","SV",1026
"179","SX",187
"180","SY",1866
"181","SZ",653
"182","TC",653
"183","TG",280
"184","TH",53462
"185","TJ",746
"186","TL",187
"187","TM",187
"188","TN",17261
"189","TR",95728
"190","TT",6811
"191","TW",106364
"192","TZ",13995
"193","UA",61766
"194","UG",1679
"195","US",11241109
"196","UY",3452
"197","UZ",2053
"198","VC",653
"199","VE",8584
"200","VG",373
"201","VI",933
"202","VN",45065
"203","XK",2426
"204","YE",560
"205","YT",467
"206","ZA",368356
"207","ZM",3639
"208","ZW",5318
"209","ZZ",479852
